{"cameraMode":{"drawMode":0,"name":"Shaded","section":"Shading Mode"},"sceneLighting":true,"audioPlay":false,"sceneViewState":{"m_AlwaysRefresh":true,"showFog":true,"showSkybox":true,"showFlares":true,"showImageEffects":true,"showParticleSystems":true,"showVisualEffectGraphs":true,"m_FxEnabled":true},"in2DMode":false,"pivot":{"x":-0.8826912641525269,"y":2.03279447555542,"z":0.30058979988098147},"rotation":{"x":-0.20578812062740327,"y":-0.3304745554924011,"z":0.07390902936458588,"w":-0.9183371663093567},"size":2.0431816577911379,"orthographic":true}